category_name,burmese_word,devanagari,english_meaning,source,first_consonant,word_length
Colours,အရောင်များ,अ1यौं2म्या3,Colours,kg_book,အ,10
Colours,ဒါကဘာအရောင်လဲ။,दा2ग1बा2अ1यौं2ले³¹13။,What colour is this?,kg_book,ဒ,14
Colours,အနီရောင်,अ1नि2यौं2,Red,kg_book,အ,8
Colours,အပြာ,अ1प्या2,Blue,kg_book,အ,4
Colours,အဝါရောင်,अ1वा2यौं2,Yellow,kg_book,အ,8
Colours,အစိမ်းရောင်,अ1झेन23यौं2,Green,kg_book,အ,11
Colours,လိမ္မော်ရောင်,लि1म्मा1यौं2,Orange,kg_book,လ,13
Colours,ပန်းရောင်,पं13यौं2,Pink,kg_book,ပ,9
Colours,ခရမ်းရောင်,ख1यं23यौं2,Purple,kg_book,ခ,10
Colours,အညို,अ1ज्ञो2,Brown,kg_book,အ,4
Colours,အဖြူ,अ1फ्यु2,White,kg_book,အ,4
Colours,အနက်ရောင်,अ1नेतयौं2,Black,kg_book,အ,9
Animals,တိရစ္ဆာန်များ,ति1य1स्साम्या3,Animals,kg_book,တ,13
Animals,ဒီတိရစ္ဆာန်ကဘာလဲ။,दि2ति1य1स्साक1बा2ले³¹13။,What is this animal?,kg_book,ဒ,17
Animals,ခွေး,ख्वे3,Dog,kg_book,ခ,4
Animals,ကြောင်,चौं2,Cat,kg_book,က,6
Animals,ခြင်္သေ့,छिं2दे1,Lion,kg_book,ခ,8
Animals,စာငှက်,सा2ङ्हेत,Sparrow,kg_book,စ,6
Animals,ယုန်,यों12,Rabbit,kg_book,ယ,4
Animals,ဝက်,वेत,Pig,kg_book,ဝ,3
Animals,နွားမ,न्वा3म1,Cow,kg_book,န,5
Animals,နွား,न्वा3,Ox,kg_book,န,4
Animals,ဆင်,सिन2,Elephant,kg_book,ဆ,3
Animals,မြင်း,म्यिन3,Horse,kg_book,မ,5
Animals,မျောက်,म्यौ?1,Monkey,kg_book,မ,6
Animals,ဝက်ဝံ,वेतवं32,Bear,kg_book,ဝ,5
Animals,သစ်ကုလားအုတ်,थे?2गु1ला3ओट,Giraffe,kg_book,သ,12
Food,သိုး,थोए,Food,kg_book,သ,4
Food,အစားအသောက်,अ1झा3अ1दौ?1,I'll take it.,kg_book,အ,10
Food,သုပ်,थोप,Salad,kg_book,သ,4
Food,အသားညှပ်ပေါင်မုန့်,अ1दा3जत2बौं2मों11,Sandwich,kg_book,အ,18
Food,ဟမ်ဘာဂါ,हं22बा2गा2,Hamburger,kg_book,ဟ,7
Food,အာလူးချောင်းကြော်,आ2लु3छौं3चौ2,French fries,kg_book,အ,17
Food,ပီဇာ,पि2जा2,Pizza,kg_book,ပ,4
Food,ခေါက်ဆွဲ,खौ?1स्वे³¹13,Pasta,kg_book,ခ,8
Food,မုန့်,मों11,Bread,kg_book,မ,5
Food,ထမင်း,थ1मिन3,cooked rice,kg_book,ထ,5
Food,Couscous,,Couscous,kg_book,,8
Food,ကြက်ဥ,चेतउ1,Egg,kg_book,က,5
Food,ဒိန်ခဲ,देन12गे³¹13,Cheese,kg_book,ဒ,6
Food,ဒိန်ချဥ်,देन12छिन2,Yogurt,kg_book,ဒ,8
Food,ဝက်ပေါင်ခြောက်,वेतबौं2छौ?1,ham,kg_book,ဝ,14
Food,ဝက်အူချောင်း,वेतउ2छौं3,sausage,kg_book,ဝ,12
Food,ငါး,ङा3,Fish,kg_book,င,3
Food,ကြက်သား,चेतदा3,chicken,kg_book,က,7
Food,အမဲသား,अ1मे³¹13दा3,beef,kg_book,အ,6
Vegetables,အသီးအရွက်,अ1दि3अ1य्वेत,Vegetables,kg_book,အ,9
Vegetables,မင်း မစားနိုင်တဲ့ အရာ ရှိလား။,मिन3म1झा3नाइन2दे³¹111अ1या2शि1ला3။,Do you have something you cannot eat,kg_book,မ,29
Vegetables,ခရမ်းချဉ်သီး,ख1यं23छ1,Tomato,kg_book,ခ,12
Vegetables,အာလူး,आ2लु3,Potato,kg_book,အ,5
Vegetables,မုန်လာဥနီ,मों12ला2उ1नि2,Carrot,kg_book,မ,9
Vegetables,ကြက်သွန်နီ,चेतदुन12नि2,Onion,kg_book,က,10
Vegetables,ဂျပန်ကြက်သွန်မြိတ်,ज1बं12चेतदुन12म्यै1,Japanese leek,kg_book,ဂ,18
Vegetables,မှို,म्हो2,Mushroom,kg_book,မ,4
Vegetables,ငရုတ်ပွစိမ်း,ङ1योटप्व1झेन23,Green pepper,kg_book,င,12
Vegetables,မုန်လာဥ,मों12ला2उ1,Radish,kg_book,မ,7
Vegetables,ပဲပင်,पे³¹13बिन2,Legume,kg_book,ပ,5
Vegetables,ဂေါ်ဖီထုပ်,गौ2फि2दोप,Cabbage,kg_book,ဂ,10
Vegetables,Napa ဂေါ်ဖီထုပ်,,Napa cabbage,kg_book,ဂ,15
Vegetables,ဟင်းနုနွယ်ရွက်,हिन3नु1न्वे³¹12य्वेत,Spinach,kg_book,ဟ,14
Vegetables,ဆလတ်ရွက်,स1लत1य्वेत,Lettuce,kg_book,ဆ,8
Vegetables,သခွားသီး,थ1ख्वा3दि3,Cucumber,kg_book,သ,8
Vegetables,ရွှေဖရုံသီး,य्हवे2फ1यों22दि3,Pumpkin,kg_book,ရ,11
Vegetables,ဘရိုကိုလီ,ब1यो2गो2लि2,Broccoli,kg_book,ဘ,9
Fruits,သစ်သီးများ,थे?2दि3म्या3,Fruits,kg_book,သ,10
Fruits,မင်းအကြိုက်ဆုံးအသီးကဘာလဲ။,मिन3अ1चाइझों23अ1दि3ग1बा2ले³¹13။,What is your favorite fruit?,kg_book,မ,25
Fruits,ပန်းသီး,पं13दि3,Apple,kg_book,ပ,7
Fruits,သံပယိုသီး,थं32ब1यो2दि3,Lemon,kg_book,သ,9
Fruits,သရက်သီး,थ1येतदि3,Mango,kg_book,သ,7
Fruits,သလဲသီး,थ1ले³¹13दि3,Pomegranate,kg_book,သ,6
Fruits,စတော်ဘယ်ရီ,स1तौ2बे³¹12रि2,Strawberry,kg_book,စ,10
Fruits,လိမ္မော်သီး,लि1म्मा1दि3,Orange,kg_book,လ,11
Fruits,နာနတ်သီး,ना2नत1दि3,Pineapple,kg_book,န,8
Fruits,သခွားမသီး,थ1ख्वा3म1दि3,Melon,kg_book,သ,9
Fruits,စပျစ်သီး,स1प्ये?2दि3,Grapes,kg_book,စ,8
Fruits,ငှက်ပျောသီး,ङ्हेतप्यौ3दि3,Banana,kg_book,င,11
Fruits,ချယ်ရီ,चे³¹12रि2,Cherry,kg_book,ခ,6
Fruits,မာလကာ,मा2ल1गा2,Guava,kg_book,မ,5
Fruits,ဖရဲသီး,फ1ये³¹13दि3,Watermelon,kg_book,ဖ,6
Fruits,သစ်တော်သီး,थे?2दौ2दि3,Pear,kg_book,သ,10
Fruits,သဖန်းသီး,थ1फं13दि3,Fig,kg_book,သ,8
Fruits,ကီဝီသီး,कि2वि2दि3,Kiwi,kg_book,က,7
Fruits,သင်္ဘောသီး,थिं2बौ3दि3,Papaya,kg_book,သ,10
Fruits,အုန်းသီး,ओन13दि3,Coconut,kg_book,အ,8
Fruits,ဂရိတ်ဖရု,ग1यै1फ1यु1,Grapefruit,kg_book,ဂ,8
Transportation,မိုဘိုင်း,मो2बाइन3,Transportation,kg_book,မ,9
Transportation,ဘယ်သွားရမလဲ,बे³¹12थ्वा3य1म1ले³¹13,Where should I go?,kg_book,ဘ,11
Transportation,ဘတ်စ်ကား,बत1झ1,Bus,kg_book,ဘ,8
Transportation,ရထား,य1दा3,Train,kg_book,ရ,4
Transportation,ကား,का3,Car,kg_book,က,3
Transportation,လေယာဉ်ပျံ,ले2या2,Airplane,kg_book,လ,9
Transportation,သင်္ဘော,थिं2बौ3,Ship,kg_book,သ,7
Transportation,လှေ,ल्हे2,Boat,kg_book,လ,3
Transportation,ရေငုပ်သင်္ဘော,ये2ङोपदिं2बौ3,Submarine,kg_book,ရ,13
Transportation,စက်ဘီး,सेतबि3,Bicycle,kg_book,စ,6
Transportation,မြေအောက်ရထား,म्ये2औतय1दा3,Subway,kg_book,မ,12
Transportation,ဆိုင်ကယ်,साइन2गे³¹12,Motorbike,kg_book,ဆ,8
Transportation,ရဟတ်ယာဉ်,य1हत1या2,Helicopter,kg_book,ရ,8
Transportation,တက္ကစီ,त1क्कसि2,Taxi,kg_book,တ,6
Shopping,ဈေးဝယ်ထွက်,झे3वे³¹12थ्वेत,Shopping,kg_book,ဈ,10
Shopping,တစ်ခုခု ရှာနေတာလား။,ते?2गु1गु1शा2ने2दा2ला3။,Are you looking for something?,kg_book,တ,19
Shopping,လိုက်ရှာနေတယ်။,लाइशा2ने2दे³¹12။,I'm just looking,kg_book,လ,14
Shopping,ပိုကြီးတဲ့တစ်ခုခုများရှိပါသလား,पो2चि3दे³¹111दे?2गु1गु1म्या3शि1बा2द1,Do you have a larger one,kg_book,ပ,30
Shopping,ဒီထက်သေးတာရှိသေးလား။,दि2देतदे3दा2शि1दे3ला3။,Is there anything smaller,kg_book,ဒ,20
Shopping,စမ်းကြည့်လို့ရမလား။,सं23जा1ज्ञ1,Can I try it on,kg_book,စ,19
Shopping,ဘယ်လောက်လဲ,बे³¹12लौ?1ले³¹13,How much is it,kg_book,ဘ,10
Shopping,ငါ့ကိုလျှော့ပေးနိုင်မလား,ङा2,Can you discount me?,kg_book,င,24
Shopping,နည်းနည်းပိုမယ်ထင်တယ်။,ने³¹23ने³¹23बो2मे³¹12दिन2दे³¹12။,A little more I think,kg_book,န,21
Shopping,ဒါကို ယူပါ။,दा2गो2यु2बा2။,Take this,kg_book,ဒ,11
Shopping,ပြေစာတစ်ခုပေးပါ။,प्ये2झा2दे?2गु1बे3बा2။,Give me a receipt,kg_book,ပ,16
Shopping,အဲဒါကို ပြန်ပေးချင်ပါတယ်။,ए³¹13दा2गो2प्यं12बे3छिन2बा2दे³¹12။,I'd like to return it.,kg_book,အ,25
Hotel,ဟိုတယ်,हो2दे³¹12,Hotel,kg_book,ဟ,6
Hotel,အခန်းလွတ်ရှိပါသလား။,अ1गं13लुत1शि1बा2द1ला3။,Is there a vacant room?,kg_book,အ,19
Hotel,ကျွန်တော်ကြိုတင်နေရာယူထားပါတယ်,चुन12दौ2चो2दिन2ने2या2यु2दा3बा2दे³¹12,I have a reservation,kg_book,က,30
Hotel,လူပျို,लु2प्यो2,Single,kg_book,လ,6
Hotel,နှစ်ချက်,न्हे?2छेत,Double,kg_book,န,8
Hotel,အမွှာ,अ1म्हवा2,Twin,kg_book,အ,5
Hotel,ငါ နှစ်ရက်နေမယ်။,ङा2न्हे?2येतने2मे³¹12။,I will stay for two days.,kg_book,င,16
Hotel,တစ်ညဘယ်လောက်လဲ။,ते?2ज्ञ1बे³¹12लौ?1ले³¹13။,How much is it overnight,kg_book,တ,15
Hotel,မနက်စာပါဝင်ပါသလား,म1नेतझा2बा2विन2बा2द1ला3,Is breakfast included,kg_book,မ,17
Hotel,ငွေရှင်းချိန်က ဘယ်နှနာရီလဲ။,ङ्वे2शिन3छेन12ग1बे³¹12न्ह1ना2यि2ले³¹13။,What time is checkout,kg_book,င,27
Hotel,ရေပူ မရှိပါဘူး,ये2बु2म1शि1बा2बु3,There is no hot water,kg_book,ရ,14
Hotel,လေအေးပေးစက် မတွဲပါဘူး။,ले2ए3बे3झेतम1त्वे³¹13बा2बु3။,Air conditioner does not attach,kg_book,လ,22
Hotel,အိမ်သာက မစီးဘူး။,एम2दा2ग1म1झि3बु3။,The toilet does not flow,kg_book,အ,16
Hotel,အခန်းသော့ကို အခန်းထဲမှာ မေ့သွားတယ်။,अ1गं13दौ1गो2अ1गं13दे³¹13म्हा2मे1थ्वा3,I forgot my room key in the room,kg_book,အ,35
Hotel,ငါ့အထုပ်အပိုးကို သိမ်းထားနိုင်မလား။,ङा2,Can you keep my luggage,kg_book,င,35
Hotel,အခန်းသော့,अ1गं13दौ1,Room key,kg_book,အ,9
Hotel,Wifi စကားဝှက်,,Wifi password,kg_book,စ,13
Hotel,သန့်ရှင်းရေး,थ1न1,Cleaning,kg_book,သ,12
Hotel,သန့်ရှင်းရေးဝန်ဆောင်မှု,थ1न1,Cleaning service,kg_book,သ,23
Hotel,သံ,थं32,Iron,kg_book,သ,2
Hotel,ဓာတ်သတ္တုရေ,धत4द1द1,Mineral water,kg_book,ဓ,11
Hotel,စောင်,सौं2,Blanket,kg_book,စ,5
Hotel,မျက်နှာသုတ်ပုဝါ,म्येतन्हा2दोटबु1वा2,Towel,kg_book,မ,15
Hotel,လေမှုတ်စက်,ले2म्होटझेत,Dryer,kg_book,လ,10
Body,ခန္ဓာကိုယ်,ख1न1,Body,kg_book,ခ,10
Body,ဘယ်နားကနာနေပါလဲ?,बे³¹12ना3ग1ना2ने2बा2ले³¹111,Where does it hurt?,kg_book,ဘ,16
Body,မျက်လုံး,म्येतलों23,Eye,kg_book,မ,8
Body,နှာခေါင်း,न्हा2गौं3,nose,kg_book,န,9
Body,ပါးစပ်,पा3झत2,mouth,kg_book,ပ,6
Body,မျက်နှာ,म्येतन्हा2,face,kg_book,မ,7
Body,ဦးခေါင်း,,Head,kg_book,ခ,8
Body,လည်ပင်း,ले³¹22बिन3,neck,kg_book,လ,7
Body,ဆံပင်,सं32बिन2,hair,kg_book,ဆ,5
Body,နား,ना3,ear,kg_book,န,3
Body,သွား,थ्वा3,tooth,kg_book,သ,4
Body,ခြေသည်း,छे2दे³¹23,claw,kg_book,ခ,7
Body,လက်ညှိုး,लेतज्ञ्होए,finger,kg_book,လ,8
Body,လက်,लेत,hand,kg_book,လ,3
Body,လက်မောင်း,लेतमौं3,arm,kg_book,လ,9
Body,ပခုံး,प1गों23,shoulder,kg_book,ပ,5
Body,ခြေချောင်းများ,छे2छौं3म्या3,Toes,kg_book,ခ,14
Body,ခြေထောက်များ,छे2दौ?1म्या3,legs,kg_book,ခ,12
Body,ဗိုက်,बाइ,stomach,kg_book,ဗ,5
Date,ရက်စွဲ,येतस्वे³¹13,Date,kg_book,ရ,6
Date,ဒီနေ့ဘာနေ့ပါလဲ?,दि2ने1बा2ने1बा2ले³¹111,What day is today?,kg_book,ဒ,15
Date,နေ့,ने1,Day,kg_book,န,3
Date,ဒီနေ့,दि2ने1,Today,kg_book,ဒ,5
Date,မနေ့က,म1ने1ग1,Yesterday,kg_book,မ,5
Date,သဘက်ခါ,थ1बेतगा2,Day after tomorrow,kg_book,သ,6
Date,မနက်ဖြန်,म1नेतफ्यं12,Tomorrow,kg_book,မ,8
Date,တစ်နှစ်,ते?2न्हे?2,Year,kg_book,တ,7
Date,လ,ल1,Month,kg_book,လ,1
Date,အေးလေ,ए3ले2,Week,kg_book,အ,5
Date,တနင်္ဂနွေ,त1निं2ग1न्वे2,Sunday,kg_book,တ,9
Date,တနင်္လာနေ့,त1निं2ला2ने1,Monday,kg_book,တ,10
Date,အင်္ဂါ,इन122गा2,Tuesday,kg_book,အ,6
Date,ဗုဒ္ဓဟူးနေ့,बु1द1,Wednesday,kg_book,ဗ,11
Date,ကြာသပတေးနေ့,चा2द1ब1दे3ने1,Thursday,kg_book,က,11
Date,သောကြာ,थौ3चा2,Friday,kg_book,သ,6
Date,စနေနေ့,स1ने2ने1,Saturday,kg_book,စ,6
Date,ရာသီဥတု,या2दि2उ1दु1,The season,kg_book,ရ,7
Date,ဘယ်ရာသီကို ကြိုက်လဲ။,बे³¹12या2दि2गो2चाइले³¹13။,What season do you like?,kg_book,ဘ,20
Date,နွေဦး,न्वे2,Spring,kg_book,န,5
Date,နွေရာသီ,न्वे2या2दि2,Summer,kg_book,န,7
Date,ဆောင်းဦး,सौं3,Autumn,kg_book,ဆ,8
Date,ဆောင်းရာသီ,सौं3या2दि2,Winter,kg_book,ဆ,10
Date,မင်းဘယ်လမှာမွေးတာလဲ။,मिन3बे³¹12ल1म्हा2म्वे3दा2ले³¹13။,What month were you born?,kg_book,မ,20
Date,သင့်မွေးနေ့ဘယ်တော့လဲ?,थिन1म्वे3ने1बे³¹12दौ1ले³¹111,When is your birthday?,kg_book,သ,21
Date,ဇန်နဝါရီလ,जं12न1वा2यि2ल1,January,kg_book,ဇ,9
Date,ဖေဖော်ဝါရီ,फे2फौ2वा2यि2,February,kg_book,ဖ,10
Date,မတ်လ,मत1ल1,March,kg_book,မ,4
Date,ဧပြီလ,इ1प्यि2ल1,April,kg_book,ပ,5
Date,မေ,मे2,May,kg_book,မ,2
Date,ဇွန်လ,जुन12ल1,June,kg_book,ဇ,5
Date,ဇူလိုင်လ,जु2लाइन2ल1,July,kg_book,ဇ,8
Date,သြဂုတ်လ,थ्य1गोटल1,August,kg_book,သ,7
Date,စက်တင်ဘာ,सेतदिन2बा2,September,kg_book,စ,8
Date,အောက်တိုဘာလ,औतदो2बा2ल1,October,kg_book,အ,11
Date,နိုဝင်ဘာလ,नो2विन2बा2ल1,November,kg_book,န,9
Family,မိသားစု,मि1दा3झु1,Family,kg_book,မ,7
Family,ဘယ်သူလဲ?,बे³¹12दु2ले³¹111,Who is it?,kg_book,ဘ,8
Family,ငါ,ङा2,I,kg_book,င,2
Family,ဖေဖေ,फे2फे2,Father,kg_book,ဖ,4
Family,မေမေ,मे2मे2,Mother,kg_book,မ,4
Family,အစ်ကိုအကြီး,आ1को2आ1क्यि3,Elder brother,kg_book,အ,11
Family,အစ်မ,अ1मा1,Elder sister,kg_book,အ,4
Family,ညီအငယ်,ज्ञि2अ1ङे³¹12,Younger brother,kg_book,ည,6
Family,ညီမအငယ်,ज्ञि2म1अ1ङे³¹12,Younger sister,kg_book,ည,7
Family,အဖိုး,अ1फोए,Grandfather,kg_book,အ,5
Family,အဖွား,अ1फ्वा3,Grandmother,kg_book,အ,5
Family,သားတော်,था3दौ2,Son,kg_book,သ,7
Family,သမီး,थ1मि3,Daughter,kg_book,သ,4
Family,ခင်ပွန်း,खिन2बुन13,Husband,kg_book,ခ,8
Family,မယား,म1या3,Wife,kg_book,မ,4
Directions,ဦးတည်ချက်,,Directions,kg_book,တ,9
Directions,ဘူတာရုံက ဘယ်မှာလဲ။,बु2दा2यों22ग1बे³¹12म्हा2ले³¹13။,Where is the bus stop?,kg_book,ဘ,18
Directions,ဘတ်စ်ကားမှတ်တိုင်က ဘယ်မှာလဲ။,बत1झ1,bus,kg_book,ဘ,28
Directions,ရှေ့တည့်တည့်ကို သွားပါ။,शे1द1ज्ञ1,Go straight ahead,kg_book,ရ,23
Directions,လက်ဝဲဘက်ကွေ့ပါ,लेतवे³¹13बेतक्वे1बा2,Turn left,kg_book,လ,14
Directions,လက်ယာဘက်ကွေ့ပါ,लेतया2बेतक्वे1बा2,Turn right,kg_book,လ,14
Directions,မီ,मि2,Before,kg_book,မ,2
Directions,နောက်ကွယ်,नौ?1क्वे³¹12,Behind,kg_book,န,9
Directions,ဘေး,बे3,Next to,kg_book,ဘ,3
Directions,လမ်းတစ်ဖက်,लं23दे?2फेत,Across the street,kg_book,လ,10
Directions,ထောင့်,थौ3ङ1,Corner,kg_book,ထ,6
Directions,ဝဲ,वे³¹13,Left,kg_book,ဝ,2
Directions,မှန်တယ်။,म्हं12दे³¹12။,Right,kg_book,မ,8
Directions,တက်,तेत,Up,kg_book,တ,3
Directions,ဆင်းတယ်။,सिन3दे³¹12။,Down,kg_book,ဆ,8
Directions,မြောက်ဦး,म्यौ?1,North,kg_book,မ,8
Directions,အရှေ့,अ1शे1,East,kg_book,အ,5
Directions,အနောက်,अ1नौ?1,West,kg_book,အ,6
Weather,ရာသီဥတု ဘယ်လိုလဲ။,या2दि2उ1दु1बे³¹12लो2ले³¹13။,How is the weather?,kg_book,ရ,17
Weather,နေသာသည်။,ने2दा2दे³¹22။,Sunny,kg_book,န,8
Weather,တိမ်ထူတယ်။,तेन22दु2दे³¹12။,Cloudy,kg_book,တ,10
Weather,မိုး,मोए,Rain,kg_book,မ,4
Weather,နှင်း,न्हिन3,Snow,kg_book,န,5
Weather,လေတိုက်သည်။,ले2दाइदे³¹22။,Wind,kg_book,လ,11
Weather,မြူနှင်း,म्यु2न्हिन3,Fog,kg_book,မ,8
Weather,ပူတယ်။,पु2दे³¹12။,Hot,kg_book,ပ,6
Weather,အေး,ए3,Cold,kg_book,အ,3
Weather,နွေးထွေးတယ်။,न्वे3थ्वे3दे³¹12။,Warm,kg_book,န,12
Weather,အေးတယ်။,ए3दे³¹12။,Cool,kg_book,အ,7
Weather,ခြောက်သွေ့,छौ?1थ्वे1,Dry,kg_book,ခ,10
Hobby,ဝါသနာ,वा2द1ना2,Hobby,kg_book,ဝ,5
Hobby,မင်းရဲ့ဝါသနာကဘာလဲ,मिन3ये³¹111वा2द1ना2ग1बा2ले³¹13,What is your hobby,kg_book,မ,17
Hobby,ဖတ်ရန်,फत1यं12,To read,kg_book,ဖ,6
Hobby,ချက်ပြုတ်ရန်,छेतप्योटयं12,to cook,kg_book,ခ,12
Hobby,ပုံတစ်ခုဆွဲပါ။,पों22दे?2गु1स्वे³¹13बा2။,draw a picture,kg_book,ပ,14
Hobby,စန္ဒယားတီးတယ်။,स1न1,play piano,kg_book,စ,14
Hobby,ဂီတတူရိယာတစ်ခုတီးပါ။,गि2द1दु2यि1या2दे?2गु1दि3बा2။,Play a musical instrument,kg_book,ဂ,20
Hobby,သီချင်းဆို,थि2छिन3झो2,sing,kg_book,သ,10
Hobby,ကခုန်သည်။,क1गों12दे³¹22။,dance,kg_book,က,9
Tableware,ပန်းကန်ခွက်ယောက်,पं13गं12ख्वेतयौ?1,Tableware,kg_book,ပ,16
Tableware,အမဲချိတ်,अ1मे³¹13छै1,Fork,kg_book,အ,8
Tableware,ဓား,धा3,Knife,kg_book,ဓ,3
Tableware,ဇွန်း,जुन13,Spoon,kg_book,ဇ,5
Tableware,မီးခြစ်,मि3छे?2,Chopsticks,kg_book,မ,7
Tableware,ပန်းကန်,पं13गं12,Dish,kg_book,ပ,7
Tableware,ရေယာဉ်,ये2या2,Vessel,kg_book,ရ,6
Tableware,ဖန်,फं12,Glass,kg_book,ဖ,3
Tableware,ဖလား,फ1ला3,Cup,kg_book,ဖ,4
Tableware,လက်သုတ်ပဝါ,लेतदोटब1वा2,Napkin,kg_book,လ,10
Seasoning,ဟင်းခတ်အနှစ်,हिन3गत1अ1न्हे?2,Seasoning,kg_book,ဟ,12
Seasoning,ကျေးဇူးပြုပြီး ယူလို့ရမလား။,चे3जु3प्यु1प्यि3यु2लो1य1म1ला3။,Could you please take?,kg_book,က,27
Seasoning,ဆားငန်,सा3ङं12,Salt,kg_book,ဆ,6
Seasoning,ငရုတ်ကောင်း,ङ1योटगौं3,Pepper,kg_book,င,11
Seasoning,သကြား,थ1चा3,Sugar,kg_book,သ,5
Seasoning,Mayonnaise,,Mayonnaise,kg_book,,10
Seasoning,Ketchup,,Ketchup,kg_book,,7
Seasoning,မုန်ညင်း,मों12ज्ञिन3,Mustard,kg_book,မ,8
Seasoning,ဆီ,सि2,Oil,kg_book,ဆ,2
Seasoning,ရှလကာရည်,श1ल1गा2ये³¹22,Vinegar,kg_book,ရ,8
Seasoning,ယို,यो2,Jam,kg_book,ယ,3
Seasoning,ဟန်နီ,हं12नि2,Honey,kg_book,ဟ,5
Seasoning,ထောပတ်,थौ3बत1,Butter,kg_book,ထ,6
Sports,အားကစား,आ3ग1झा3,Sport,kg_book,အ,7
Sports,မင်းအားကစားလုပ်နေတာလား။,मिन3आ3ग1झा3लोपने2दा2ला3။,Are you doing sports?,kg_book,မ,23
Sports,ပြေးသည်။,प्ये3दे³¹22။,Running,kg_book,ပ,8
Sports,ရေကူးတယ်။,ये2गु3दे³¹12။,Swimming,kg_book,ရ,9
Sports,နှင်းလျှောစီးခြင်း။,न्हिन3ल्य1,Skiings,kg_book,န,19
Sports,ဘောလုံး,बौ3लों23,Soccer,kg_book,ဘ,7
Sports,ဘတ်စကက်ဘော,बत1झ1गेतबौ3,Basketball,kg_book,ဘ,10
Sports,ဘော်လီဘော,बौ2लि2बौ3,Volleyball,kg_book,ဘ,9
Sports,ဘေ့စ်ဘော,बे1झ1,Baseball,kg_book,ဘ,8
Sports,စားပွဲတင်တင်းနစ်,सा3प्वे³¹13दिन2दिन3ने?2,Table tennis,kg_book,စ,16
Sports,တင်းနစ်,तिन3ने?2,Tennis,kg_book,တ,7
Sports,ကြက်တောင်ရိုက်,चेतदौं2याइ,Badminton,kg_book,က,14
Sports,တိုက်ခိုက်ရေးအားကစား,ताइगाइये3आ3ग1झा3,Fighting sports,kg_book,တ,20
Drinks,သောက်ပါ။,थौ?1बा2။,Drink,kg_book,သ,8
Drinks,သင်ဘာသောက်ချင်ပါသလဲ?,थिन2बा2दौ?1छिन2बा2द1ले³¹111,What would you like to drink?,kg_book,သ,20
Drinks,ရေ,ये2,Water,kg_book,ရ,2
Drinks,လိမ္မော်သီးဖျော်ရည်,लि1म1,Orange juice,kg_book,လ,19
Drinks,သစ်သီးဖျော်ရည်,थे?2दि3फ्यौ2ये³¹22,Fruit juice,kg_book,သ,14
Drinks,ကိုလာ,को2ला2,Cola,kg_book,က,5
Drinks,အချိုရည်,अ1छो2ये³¹22,Soft drink,kg_book,အ,8
Drinks,ဘီယာ,बि2या2,Beer,kg_book,ဘ,4
Drinks,ဝိုင်,वाइन2,Wine,kg_book,ဝ,5
Drinks,လက်ဖက်ရည်,लेतफेतये³¹22,Tea,kg_book,လ,9
Drinks,ကော်ဖီ,कौ2फि2,Coffee,kg_book,က,6
Drinks,ကိုကိုး,को2गोए,Cocoa,kg_book,က,7
Numbers,နံပါတ်များ,နံပါတ်များ,नं32पत4म्या3,kg_book,န,10
0-10,သုည,သုည,थु1ज्ञ1,kg_book,သ,3
0-10,တစ်,တစ်,ते?2,kg_book,တ,3
0-10,နှစ်,နှစ်,न्हे?2,kg_book,န,4
0-10,သုံး,သုံး,थों23,kg_book,သ,4
0-10,လေး,လေး,ले3,kg_book,လ,3
0-10,ခြောက်,ခြောက်,छौ?1,kg_book,ခ,6
0-10,ခုနှစ်,ခုနှစ်,खु1न्हे?2,kg_book,ခ,6
0-10,ရှစ်,ရှစ်,श1,kg_book,ရ,4
0-10,ကိုး,ကိုး,कोए,kg_book,က,4
0-10,တစ်ဆယ်,တစ်ဆယ်,त1से³¹12,kg_book,တ,6
11-20,ဆယ့်တစ်,ဆယ့်တစ် ,स1ते?2,kg_book,ဆ,7
11-20,ဆယ့်နှစ်,ဆယ့်နှစ်,स1न्हे?2,kg_book,ဆ,8
11-20,ဆယ့်သုံး,ဆယ့်သုံး,स1थों23,kg_book,ဆ,8
11-20,ဆယ့်လေး,ဆယ့်လေး,स1ले3,kg_book,ဆ,7
11-20,ဆယ့်ငါး,ဆယ့်ငါး,स1ङा3,kg_book,ဆ,7
11-20,ဆယ့်ခြောက်,ဆယ့်ခြောက်,स1छौ?1,kg_book,ဆ,10
11-20,ဆယ့်ခုနှစ်,ဆယ့်ခုနှစ်,स1खु1न्ह1,kg_book,ဆ,10
11-20,ဆယ့်ရှစ်,ဆယ့်ရှစ်,स1शे?2,kg_book,ဆ,8
11-20,ဆယ့်ကိုး,ဆယ့်ကိုး,स1कोए,kg_book,ဆ,8
11-20,နှစ်ဆယ်,နှစ်ဆယ်,न्ह1से³¹12,kg_book,န,7
21-30,နှစ်ဆယ့်တစ်,နှစ်ဆယ့်တစ်,न्ह1से³¹11ते?2,kg_book,န,11
21-30,နှစ်ဆယ့်နှစ်,နှစ်ဆယ့်နှစ်,न्ह1से³¹11न्ह1,kg_book,န,12
21-30,နှစ်ဆယ့်သုံး,နှစ်ဆယ့်သုံး,न्ह1से³¹11थों23,kg_book,န,12
21-30,နှစ်ဆယ့်လေး,နှစ်ဆယ့်လေး,न्ह1से³¹11ले3,kg_book,န,11
21-30,နှစ်ဆယ့်ငါး,နှစ်ဆယ့်ငါး,न्ह1से³¹11ङा3,kg_book,န,11
21-30,နှစ်ဆယ့်ခြောက်,နှစ်ဆယ့်ခြောက်,न्ह1से³¹11छौ?1,kg_book,န,14
21-30,နှစ်ဆယ့်ခုနှစ်,နှစ်ဆယ့်ခုနှစ်,न्ह1से³¹11खु1न्हे?2,kg_book,န,14
21-30,နှစ်ဆယ့်ရှစ်,နှစ်ဆယ့်ရှစ်,न्ह1से³¹11शे?2,kg_book,န,12
21-30,နှစ်ဆယ့်ကိုး,နှစ်ဆယ့်ကိုး,न्ह1से³¹11कोए,kg_book,န,12
21-30,သုံးဆယ်,သုံးဆယ်,थों23से³¹12,kg_book,သ,7
40-90,လေးဆယ်,လေးဆယ်,ले3से³¹12,kg_book,လ,6
40-90,ငါးဆယ်,ငါးဆယ်,ङा3से³¹12,kg_book,င,6
40-90,ခြောက်ဆယ့်,ခြောက်ဆယ့်,छौ?1से³¹11,kg_book,ခ,10
40-90,ခုနှစ်ဆယ်,ခုနှစ်ဆယ်,खु1न्हे?2से³¹12,kg_book,ခ,9
40-90,ရှစ်ဆယ်,ရှစ်ဆယ်,श1से³¹12,kg_book,ရ,7
40-90,ကိုးဆယ်,ကိုးဆယ်,कोएसे³¹12,kg_book,က,7
100-900,တစ်ရာ,တစ်ရာ,त1या2,kg_book,တ,5
100-900,နှစ်ရာ,နှစ်ရာ,न्ह1या2,kg_book,န,6
100-900,သုံးရာ,သုံးရာ,थों23या2,kg_book,သ,6
100-900,လေးရာ,လေးရာ,ले3या2,kg_book,လ,5
100-900,ငါးရာ,ငါးရာ,ङा3या2,kg_book,င,5
100-900,ခြောက်ရာ,ခြောက်ရာ,छौ?1या2,kg_book,ခ,8
100-900,ခုနှစ်ရာ,ခုနှစ်ရာ,खु1न्हे?2या2,kg_book,ခ,8
100-900,ရှစ်ရာ,ရှစ်ရာ,श1या2,kg_book,ရ,6
100-900,ကိုးရာ,ကိုးရာ,कोएया2,kg_book,က,6
1000-9000,တစ်ထောင်,တစ်ထောင်,त1थौं2,kg_book,တ,8
1000-9000,နှစ်ထောင်,နှစ်ထောင်,न्ह1थौं2,kg_book,န,9
1000-9000,သုံးထောင်,သုံးထောင်,थों23थौं2,kg_book,သ,9
1000-9000,လေးထောင်,လေးထောင်,ले3थौं2,kg_book,လ,8
1000-9000,ငါးထောင်,ငါးထောင်,ङा3थौं2,kg_book,င,8
1000-9000,ခြောက်ထောင်,ခြောက်ထောင်,छौ?1थौं2,kg_book,ခ,11
1000-9000,ခုနှစ်ထောင်,ခုနှစ်ထောင်,खु1न्हे?2थौं2,kg_book,ခ,11
1000-9000,ရှစ်ထောင်,ရှစ်ထောင်,श1थौं2,kg_book,ရ,9
1000-9000,ကိုးထောင်,ကိုးထောင်,कोएथौं2,kg_book,က,9
10000-90000,တစ်သောင်း,တစ်သောင်း,त1थौं3,kg_book,တ,9
10000-90000,နှစ်သောင်း,နှစ်သောင်း,न्ह1थौं3,kg_book,န,10
10000-90000,သုံးသောင်း,သုံးသောင်း,थों23थौं3,kg_book,သ,10
10000-90000,လေးသောင်း,လေးသောင်း,ले3थौं3,kg_book,လ,9
10000-90000,ငါးသောင်း,ငါးသောင်း,ङा3थौं3,kg_book,င,9
10000-90000,ခြောက်သောင်း,ခြောက်သောင်း,छौ?1थौं3,kg_book,ခ,12
10000-90000,ခုနှစ်သောင်း,ခုနှစ်သောင်း,खु1न्हे?2थौं3,kg_book,ခ,12
10000-90000,ရှစ်သောင်း,ရှစ်သောင်း,श1थौं3,kg_book,ရ,10
10000-90000,ကိုးသောင်း,ကိုးသောင်း,कोएथौं3,kg_book,က,10
100000-10 trillion,တစ်သိန်း,တစ်သိန်း,त1थेन13,kg_book,တ,8
100000-10 trillion,သန်း,သန်း,थं13,kg_book,သ,4
100000-10 trillion,ကုဋေ,ကုဋေ,कु1टे2,kg_book,က,4
100000-10 trillion,ကောဋိ,ကောဋိ,कौ3टि1,kg_book,က,5
100000-10 trillion,ပကောဋိ,ပကောဋိ,प1कौ3टि1,kg_book,ပ,6
100000-10 trillion,ကောဋိပကောဋိ,ကောဋိပကောဋိ,कौ3टि1प1कौ3टि1,kg_book,က,11
100000-10 trillion,နဟုတံ,နဟုတံ,न1हु1तं32,kg_book,န,5
100000-10 trillion,နိန္နဟုတံ,နိန္နဟုတံ,नि1न1,kg_book,န,9
100000-10 trillion,အက္ခဘေိဏီ,အက္ခဘေိဏီ,अ1क1,kg_book,အ,9
100000-10 trillion,ဗိန္ဒု,ဗိန္ဒု,बि1न1,kg_book,ဗ,6
100000-10 trillion,အဗ္ဗုဒ,အဗ္ဗုဒ,अ1ब1,kg_book,အ,6
100000-10 trillion,ကောဋိပကောဋိသန်း,ကောဋိပကောဋိသန်း,कौ3टि1प1कौ3टि1थं13,kg_book,က,15
LESSON - 2A,ပါ,बा2,"(spelled as ""pa2"".) polite ending word with emphasis",words,ပ,2
LESSON - 2A,ပါတယ်,बा2दे³¹12,affirmation in the answer.,words,ပ,5
WHAT,ဘာလဲ,बा2ले³¹13,What? What did you say?,words,ဘ,4
WHAT,ဘာလိုချင်လဲ,बा2लो2छिन2ले³¹13,What do you want?,words,ဘ,11
WHAT,ဘာလုပ်ချင်လဲ,बा2लोपछिन2ले³¹13,What do you want to do?,words,ဘ,12
WHAT,ကြ,जा1,plural form of people,words,က,2
WHAT,ဘာလုပ်ကြမလဲ,बा2लोपजा1म1ले³¹13,What shall we do?,words,ဘ,11
WHAT,ဘာစားကြမလဲ,बा2झा3जा1म1ले³¹13,What shall we eat?,words,ဘ,10
WHAT,ဒါဘာလဲ,दा2बा2ले³¹13,What is this?,words,ဒ,6
WHY,ဘာဖြစ်လို့လဲ,बा2फ्ये?2लो1ले³¹13,Why? What's the matter?,words,ဘ,12
WHY,ဘာကြောင့်လဲ,बा2चौन1ले³¹13,Why? What's the reason behind this?,words,ဘ,11
WHEN,ဘယ်တောလာမလဲ,बे³¹12दौ3ला2म1ले³¹13,When will you come?,words,ဘ,11
WHO,ဘယ်သူလဲ,बे³¹12दु2ले³¹13,Who?  ,words,ဘ,7
WHO,သူပဲ,थु2बे³¹13,"That's him! (spelled as ""peare3"")",words,သ,4
WHO,စာရေးဆရာ,सा2ये3झ1या2,a writer,words,စ,8
WHO,ဆရာ,स1या2,teacher; master of a trade,words,ဆ,3
WHO,ဆရာတော်,स1या2दौ2,"(spelled as ""tau2"") Venerable Monk",words,ဆ,7
WHO,ဆရာမ,स1या2म1,madam; female teacher,words,ဆ,4
WHO,ဆိုက်ကားဆရာ,साइगा3झ1या2,trishaw driver,words,ဆ,11
WHICH,ဘယ်ဟာလဲ,बे³¹12हा2ले³¹13,Which one?,words,ဘ,7
WHICH,ဒါပဲ,दा2बे³¹13,This is the one! / That's it!,words,ဒ,4
WHICH,ဒါလိုချင်တယ်,दा2लो2छिन2दे³¹12,I want this one!,words,ဒ,12
HOW MANY,ဘယ်နှယောက်လဲ,बे³¹12न्ह1यौतले³¹13,How many people?,words,ဘ,12
HOW MUCH,ဘယ်လောက်လိုချင်လဲ,बे³¹12लौतलो2छिन2ले³¹13,How much (do you) want?,words,ဘ,17
HOW MUCH,ဒီလောက်,दि2लौत,This much,words,ဒ,7
HOW MUCH,ဒီလာက်လိုတယ်,दि2ला2ग1,I need this much,words,ဒ,12
HOW MUCH,ဒီလောက်လိုချင်တယ်,दि2लौतलो2छिन2दे³¹12,I want this much,words,ဒ,17
HOW,ဘယ်လိုလဲ,बे³¹12लो2ले³¹13,How is it going?,words,ဘ,8
HOW,ဒီလိုပဲ,दि2लो2बे³¹13,"So, so… (Lit: ""Just like this"")",words,ဒ,7
HOW,ဘယ်လိုလုပ်ကြမလဲ,बे³¹12लो2लोपजा1म1ले³¹13,What shall we do? (How to proceed?),words,ဘ,15
HOW,ဘယ်လိုသွားကြမလဲ,बे³¹12लो2थ्वा3जा1म1ले³¹13,How shall we go?,words,ဘ,15
WHERE,ဘယ်လဲ,बे³¹12ले³¹13,Go where? Where to?,words,ဘ,5
WHERE,ဘယ်ကပြန်လာလဲ,बे³¹12ग1प्यं12ला2ले³¹13,Come back from where?,words,ဘ,12
WHERE,နင်ဘယ်မလဲ,निन2बे³¹12म1ले³¹13,Where are you?,words,န,9
WHERE,ဘယ်မှာလဲ,बे³¹12म्हा2ले³¹13,Where is it? (where at?),words,ဘ,8
WHERE,ဒီမှာ,दि2म्हा2,Here!,words,ဒ,5
WHERE,ဟိုမှာ,हो2म्हा2,There!,words,ဟ,6
WHERE,ဘယ်သွားချင်လဲ,बे³¹12थ्वा3छिन2ले³¹13,Where do you want to go?,words,ဘ,13
WHERE,ဘယ်သွားကြမလဲ,बे³¹12थ्वा3जा1म1ले³¹13,Where shall we go?,words,ဘ,12
SENTENCE PATTERNS,လား,,""" ? "" at the end of the sentence",words,လ,3
SENTENCE PATTERNS,ပြီ,,has reached certain stage,words,ပ,3
SENTENCE PATTERNS,ပြီလား,,reached certain stage?,words,ပ,6
SENTENCE PATTERNS,မ - ဘူး,म1,no,words,မ,7
SENTENCE PATTERNS,မ - တော့ဘူး,म1,no longer (want or do something),words,မ,11
SENTENCE PATTERNS,မ - သေးဘူး,म1,not yet (want or do something),words,မ,10
SENTENCE PATTERNS,ရဲ့,ये³¹13,the word to show concern,words,ရ,3
EASY / DIFFICULT,ခက်လား,खेतला3,Difficult?,words,ခ,6
EASY / DIFFICULT,လွယ်လား,ल्वे³¹12ला3,Easy?,words,လ,7
NEEDS,လိုလား,लो2ला3,Do you need it?,words,လ,6
NEEDS,လိုတယ်,लो2दे³¹12,"Yes, I need it",words,လ,6
NEEDS,မလိုဘူး,म1लो2बु3,No need,words,မ,7
NEEDS,မလိုသေးဘူး,म1लो2दे3बु3,I don't need it yet,words,မ,10
NEEDS,မလိုတော့ဘူး,म1लो2दौ1बु3,I no longer need it,words,မ,11
WANTS,လိုချင်လား,लो2छिन2ला3,Do you want it?,words,လ,10
WANTS,လိုချင်တယ်,लो2छिन2दे³¹12,I want it,words,လ,10
WANTS,မလိုချင်တော့ဘူး,म1लो2छिन2दौ1बु3,I no longer want it,words,မ,15
TO BE ENOUGH,လောက်လား,लौतला3,Do you have enough?,words,လ,8
TO BE ENOUGH,လောက်တယ်,लौतदे³¹12,Yes,words,လ,8
TO BE ENOUGH,မလောက်ဘူး,म1लौतबु3,"No, not enough",words,မ,9
TO BE ENOUGH,လောက်ပြီလား,लौतप्यि2ला3,Is that enough already?,words,လ,11
TO BE ENOUGH,လောက်ပြီ,लौतप्यि2,Yes,words,လ,8
TO BE ENOUGH,မလောက်သေးဘူးလား,म1लौतदे3बु3ला3,Still no t enough?,words,မ,15
TO BE ENOUGH,မလောက်သေးဘူး,म1लौतदे3बु3,No. / Still not enough,words,မ,12
DO,မလုပ်ချင်တော့ဘူး,म1लोपछिन2दौ1बु3,I don't want to do it anymore,words,မ,16
DO,မလုပ်တော့ဘူး,म1लोपदौ1बु3,I am no longer doing it,words,မ,12
USED UP,ကုန်ပြီလား,कोन12प्यि2ला3,Used/eaten up already?,words,က,10
USED UP,ကုန်ပြီ,कोन12प्यि2,Used/eaten up already,words,က,7
USED UP,မကုန်သေးဘူးလား,म1गोन12दे3बु3ला3,Haven't used/eaten up yet?,words,မ,14
USED UP,မကုန်သေးဘူး,म1गोन12दे3बु3,Not yet,words,မ,11
REACHED DESTINATION,ရောက်,यौत,to reach the destination,words,ရ,5
REACHED DESTINATION,ရောက်ပြီ,यौतप्यि2,We are there,words,ရ,8
REACHED DESTINATION,ရောက်ပြီလား,यौतप्यि2ला3,Are we there yet?,words,ရ,11
REACHED DESTINATION,မရောက်သေးဘူးလား,म1यौतदे3बु3ला3,Are we not there yet?,words,မ,15
REACHED DESTINATION,မရောက်သေးဘူး,म1यौतदे3बु3,We are not there yet,words,မ,12
BE AVAILABLE / BE READY,ရ,य1,"to obtain; to be ready; to be
available",words,ရ,1
BE AVAILABLE / BE READY,ရပြီ,य1प्यि2,"Yes, got it!",words,ရ,4
BE AVAILABLE / BE READY,ရပြီလား,य1प्यि2ला3,Have you got it? Is it ready?,words,ရ,7
BE AVAILABLE / BE READY,မရသေးဘူးလား,म1य1दे3बु3ला3,Haven't got it yet? Not ready yet?,words,မ,11
BE AVAILABLE / BE READY,မရသေးဘူး,म1य1दे3बु3,No. / Haven't got it yet. Not ready yet.,words,မ,8
DONE,မပြီးသေးဘူးလား,म1प्यि3दे3बु3ला3,Haven't you done it yet?,words,မ,14
DONE,မပြီးသေးဘူး,म1प्यि3दे3बु3,No / Haven't finished yet,words,မ,11
DONE,ပြီးပြီလား,प्यि3प्यि2ला3,Finished already?,words,ပ,10
DONE,ပြီးပြီ,प्यि3प्यि2,Done! It's over!,words,ပ,7
HAVE YOUR MEAL,စား,सा3,eat,words,စ,3
HAVE YOUR MEAL,စားပြီးပြီလား,सा3प्यि3प्यि2ला3,eaten already?,words,စ,13
HAVE YOUR MEAL,စားပြီးပြီ,सा3प्यि3प्यि2,"I am done eating, eaten already (eat + done)",words,စ,10
HAVE YOUR MEAL,စားကောင်းရဲ့လား,सा3गौन3ये³¹13,"How was the food?, Delicious?",words,စ,15
HAVE YOUR MEAL,သိပ်ကောင်းတာပဲ,थै2गौन3दा2बे³¹13,It was very good!,words,သ,14
HAVE YOUR MEAL,မစားရသေးဘူးလား,म1झा3य1दे3बु3ला3,Haven't you eaten yet?,words,မ,14
HAVE YOUR MEAL,မစားရသေးဘူး,म1झा3य1दे3बु3,"No, I haven't eaten yet",words,မ,11
HAVE YOUR MEAL,မစားချင်တော့ဘူး,म1झा3छिन2दौ1बु3,"I don't want to eat it
anymore",words,မ,15
HAVE YOUR MEAL,မစားတော့ဘူး,म1झा3दौ1बु3,I am not going to eat,words,မ,11
GO,သွားမလား,थ्वा3म1ला3,0,words,သ,8
GO,မသွားဘူး,म1थ्वा3बु3,0,words,မ,8
GO,သွားမယ်,थ्वा3मे³¹12,0,words,သ,7
GO,သွားဦးမယ်နော်,थ्वा3,0,words,သ,13
GO,သွားချင်လား,थ्वा3छिन2ला3,0,words,သ,11
GO,သွားချင်တယ်,थ्वा3छिन2दे³¹12,0,words,သ,11
GO,မသွားချင်ဘူး,म1थ्वा3छिन2बु3,0,words,မ,12
GO,မသွားချင်သေးဘူး,म1थ्वा3छिन2दे3बु3,0,words,မ,15
GO,မသွားချင်တော့ဘူး,म1थ्वा3छिन2दौ1बु3,0,words,မ,16
GO,မသွားတော့ဘူး,म1थ्वा3दौ1बु3,0,words,မ,12
AFFIRMATIVE,ဟုတ်,होट,0,words,ဟ,4
AFFIRMATIVE,ဟုတ်ပါတယ်,होटबा2दे³¹12,0,words,ဟ,9
AFFIRMATIVE,ဟုတ်တယ်,होटदे³¹12,0,words,ဟ,7
AFFIRMATIVE,ဟုတ်လား,होटला3,0,words,ဟ,7
AFFIRMATIVE,ဟုတ်ပါ့ဟုတ်ပါ့,होटबा2,0,words,ဟ,14
AFFIRMATIVE,ဟုတ်ရဲ့လား,होटये³¹13,0,words,ဟ,10
AFFIRMATIVE,ဟုတ်ကဲ့,होटगे³¹13,0,words,ဟ,7
AFFIRMATIVE,မဟုတ်ဘူး,म1होटबु3,0,words,မ,8
AFFIRMATIVE,မဟုတ်သေးဘူး,म1होटदे3बु3,0,words,မ,11
GOOD,ကောင်း,कौन3,0,words,က,6
GOOD,ကောင်းပါတယ်,कौन3बा2दे³¹12,0,words,က,11
GOOD,ကောင်းပါတယ်လေ,कौन3बा2दे³¹12ले2,0,words,က,13
GOOD,ကောင်းပြီလေ,कौन3प्यि2ले2,0,words,က,11
GOOD,ကောင်းတယ်,कौन3दे³¹12,0,words,က,9
GOOD,ကောင်းလား,कौन3ला3,0,words,က,9
GOOD,ကောင်းရဲ့လား,कौन3ये³¹13,0,words,က,12
GREETINGS,မင်္ဂလာပါ,0,0,words,မ,9
GREETINGS,နေထိုင်,ने2दाइन2,0,words,န,7
GREETINGS,နေကောင်း,ने2गौन3,0,words,န,8
GREETINGS,နေကောင်းကြလား,ने2गौन3जा1ला3,0,words,န,13
GREETINGS,နေကောင်းကြရဲ့လား,ने2गौन3जा1ये³¹13,0,words,န,16
GREETINGS,နေကောင်းကြပါတယ်,ने2गौन3जा1बा2दे³¹12,0,words,န,15
GREETINGS,တွေ့,त्वे1,0,words,တ,4
GREETINGS,တွေ့ရတာ,त्वे1य1दा2,0,words,တ,7
GREETINGS,ဝမ်းသာ,वं23दा2,0,words,ဝ,6
GREETINGS,တွေ့ရတာဝမ်းသာပါတယ်,त्वे1य1दा2वं23दा2बा2दे³¹12,0,words,တ,18
GREETINGS,ကျေးဇူး,चे3जु3,0,words,က,7
GREETINGS,ကျေးဇူးတင်ပါတယ်,चे3जु3दिन2बा2दे³¹12,0,words,က,15
LESSON 2B: PART 1,ဟုတ်တာပေါ့,होटदा2बौ1,0,words,ဟ,10
LESSON 2B: PART 1,ဦးလးတင်အတွက်လက်ဆောင်,,0,words,လ,20
LESSON 2B: PART 1,ရပါတယ်,य1बा2दे³¹12,0,words,ရ,6
LESSON 2B: PART 1,ကျွန်တော်စမ်းကြည့်မယ်,चुन12दौ2झं23चे³¹21मे³¹12,0,words,က,21
LESSON 2B: PART 1,လွယ်ပါတယ်,ल्वे³¹12बा2दे³¹12,0,words,လ,9
PART 2,ကြိုက်တယ်,चाइदे³¹12,0,words,က,9
PART 2,မဆိုးပါဘူး,म1झो3बा2बु3,0,words,မ,10
PART 2,ဘယ်ဟုတ်ပါ့မလဲ,बे³¹12होटबा2,0,words,ဘ,13
PART 2,တစ်ခါတလေမှပါ,त1खा2द1ले2म्ह1बा2,0,words,တ,12
PART 2,ကိစ္စမရှိပါဘူး,कि1झ1,0,words,က,14
PART 2,နေပါစေတော့,ने2बा2झे2दौ1,0,words,န,10
PART 3,မိုက်တယ်ကွ,माइदे³¹12क्व1,0,words,မ,10
PART 3,ဟော့တယ်ဟေ့,हौ1दे³¹12हे1,0,words,ဟ,10
PART 3,ဘယ်လိုထင်လဲ,बे³¹12लो2दिन2ले³¹13,0,words,ဘ,11
PART 3,မဖြစ်နိုင်ပါဘူး,म1फ्ये?2नाइन2बा2बु3,0,words,မ,15
PART 3,သြော်ဟုတ်လား,थ्यौ2होटला3,0,words,သ,12
PART 4,ဒါဘယ်သူနဲ့လဲ,दा2बे³¹12दु2ने³¹13,0,words,ဒ,12
Burmese Favourite,မုန့်ဟင်းခါး,,Rice Noodle with Fish Gravy,recipes,မ,12
Burmese Favourite,ဘူးသီးကြော်,,Fried melon,recipes,ဘ,11
Burmese Favourite,ပဲကက်ကြော်,,Fried (fritter) yellow split pea,recipes,ပ,10
Burmese Favourite,ပုစွန်ကက်ကြော်,,Fried (fritter) shrimp,recipes,ပ,14
Burmese Favourite,ကြက်သွန်ကြော်,,Fried Onion,recipes,က,13
Burmese Favourite,ငါးဖယ်ကြော်,,Fried Featherback,recipes,င,11
Burmese Favourite,ဘဲဥပြုတ်,,Boiled Duck Egg,recipes,ဘ,8
Burmese Favourite,နံနံပင်,,Cilantro (Parsley),recipes,န,7
Burmese Favourite,ငရုတ်သီးမှုန့်,,Chilli Powder,recipes,င,14
Burmese Favourite,သံပရာသီး,,Lime,recipes,သ,8
Burmese Favourite,ဆီချက်,,Fried Onion or Garlic in Oil,recipes,ဆ,6
Various cuisines,ကောက်ညှင်းပေါင်း,,Steamed Glutinous Rice,recipes,က,16
Various cuisines,ပဲပြုတ်,,Boiled Pea,recipes,ပ,7
Various cuisines,နံပြား,,Flat Round Indian Bread,recipes,န,6
Various cuisines,အီကြာကွေး,,Fried Rice Dough Stick,recipes,အ,9
Various cuisines,ခေါပုတ်,,Grounded Glutinous Rice,recipes,ခ,7
Various cuisines,ခေါက်ဆွဲပြုတ်,,Noodle Soup,recipes,ခ,13
Various cuisines,ဝက်သားပေါင်း,,Dim Sum (Steamed Pork),recipes,ဝ,12
Various cuisines,ပေါက်စီ,,Chinese “baozi”; Dumpling,recipes,ပ,7
Various cuisines,ပေါင်မုန့်,,Bread,recipes,ပ,10
Various cuisines,ပေါင်မုန့်မီးကင်,,Toast,recipes,ပ,16
Various cuisines,ပေါင်မုန့်ကြော်,,French Toast,recipes,ပ,15
Various cuisines,ကြက်ဥခေါက်ကြော်,,Omelet,recipes,က,15
Various cuisines,ကြက်ဥပြုတ်,,Boiled egg,recipes,က,10
Various cuisines,ကြက်ဥပြုတ်မကျက်တကျက်,,Half-boiled egg,recipes,က,20
Snacks,မုန့်ဆီကြော်,,Burmese Fried Rice Pancake,recipes,မ,12
Snacks,မုန့်ဖက်ထုပ်,,Glutinous Rice with Sweet Stuffing,recipes,မ,12
Snacks,မုန့်လက်ကောက်,,Burmese Donut,recipes,မ,13
Snacks,မုန့်စိမ်းပေါင်း,,Steamed Rice Cake,recipes,မ,16
Snacks,ငှက်ပျောသီးကြော်,,Fried Banana,recipes,င,16
Snacks,ဗယာကြော်,,Fried Yellow Split Pea,recipes,ဗ,8
Snacks,ဘိန်းမုန့်,,Rice Pancake with Poppy Seeds,recipes,ဘ,10
Snacks,လမုန့်,,Mooncake,recipes,လ,6
Snacks,နှမ်းပျစ်,,Sesame Brittle,recipes,န,9
Snacks,နံကထိုင်,,Sweet Indian Pastry with butter smell,recipes,န,8
Snacks,ကန်စွန်းဥပြုတ်,,Boiled Sweet Potato,recipes,က,14
Snacks,ပြောင်းဖူးပြုတ်,,Boiled Corn,recipes,ပ,15
Appetizers,အမြည်း,,Appetizer,recipes,အ,6
Appetizers,စမူဆာ,,Samusa (Indian stuffed food),recipes,စ,5
Appetizers,အာလူးကြော်,,Potatoes (fries or chips),recipes,အ,10
Appetizers,ကော်ပြန့်ကြော်,,Spring Rolls,recipes,က,14
Appetizers,ဝက်သားလုံးကြော်,,Fried Minced Pork Balls,recipes,ဝ,15
Appetizers,ဝက်အူချောင်းကြော်,,Chinese Sausage,recipes,ဝ,17
Appetizers,ဆတ်သားခြောက်ကြော်,,Dried & Fried Venison,recipes,ဆ,17
Appetizers,ကြက်သားလုံးကြော်,,Fried Minced Chicken Balls,recipes,က,16
Appetizers,ကြက်သားသုပ်,,Chicken Salad,recipes,က,11
Appetizers,ပုစွန်ကြော်,,Fried Prawns,recipes,ပ,11
Appetizers,ငါးရှဥ့်ကြော်,,Crispy Hot (fried) Eel,recipes,င,13
Appetizers,ငါးသလဲထိုးကြော်,,Fried Loach,recipes,င,15
Appetizers,ငါးကင်,,Grilled Fish,recipes,င,6
Appetizers,ငါးမုန့်,,Fried Crispy Fish Flakes,recipes,င,8
Appetizers,လက်ဖက်သုပ်,,Fermented Tea Salad,recipes,လ,10
Appetizers,မြေပဲလှော်,,Roasted Peanut,recipes,မ,10
"Rice, Noodles",ကြက်သားဆန်ပြုတ်,,Rice Porridge with Chicken,recipes,က,15
"Rice, Noodles",ကြေးအိုး,,Hot pot,recipes,က,8
"Rice, Noodles",ဒံပေါက်ထမင်း,,Biryani Rice,recipes,ဒ,12
"Rice, Noodles",ကြက်သားပလာတာ,,Parata (Indian) with chicken,recipes,က,12
"Rice, Noodles",ဆီထမင်း,,"Steamed rice, vegetables and meat",recipes,ဆ,7
"Rice, Noodles",အုန်းထမင်း,,Rice steamed with coconut,recipes,အ,10
"Rice, Noodles",ထောပတ်ထမင်း,,Rice fried with butter,recipes,ထ,11
"Rice, Noodles",ထမနဲ,,Glutinous Rice (1 month only),recipes,ထ,4
"Rice, Noodles",ထမင်းသုပ်,,Rice and Vegetable Salad,recipes,ထ,9
"Rice, Noodles",ထမင်းကြော်,,Fried Rice,recipes,ထ,10
"Rice, Noodles",ကြာဆံကြော်,,Rice Noodle,recipes,က,10
"Rice, Noodles",မုန့်တီ,,Rice Noodle in thin Fish Gravy,recipes,မ,7
"Rice, Noodles",အုန်းနို့ ခေါက်ဆွဲ,,Noodle with Chicken Coconut Gravy,recipes,အ,18
"Rice, Noodles",နန်းကြီးသုပ်,,Noodle Salad with Chicken,recipes,န,12
"Rice, Noodles",ခေါက်ဆွဲသုပ်,,Noodle Salad,recipes,ခ,12
"Rice, Noodles",တို့ဟူးသုပ်,,Soya-Bean Cake Salad,recipes,တ,11
"Chicken & Duck (Lunch, Dinner)",ကြက်သားဒံပေါက်,,Chicken Biryani,recipes,က,14
"Chicken & Duck (Lunch, Dinner)",ဘဲကင်,,(Peking) Roasted Duck,recipes,ဘ,5
"Chicken & Duck (Lunch, Dinner)",ကြက်ကင်,,Roasted Chicken,recipes,က,7
"Chicken & Duck (Lunch, Dinner)",ကြက်အစိမ်းကြော်,,Fried Vegetables with Chicken,recipes,က,15
"Chicken & Duck (Lunch, Dinner)",ကြက်ကြော်,,Fried Chicken,recipes,က,9
"Chicken & Duck (Lunch, Dinner)",ကုန်းဘောင်ကြီးကြော်,,Gongbao Diced Chicken,recipes,က,19
"Chicken & Duck (Lunch, Dinner)",ကြက်အသည်းအမြစ်ဟင်း,,"Curry Chicken liver, gizzard, & heart",recipes,က,18
"Chicken & Duck (Lunch, Dinner)",ကြက်သားအာလူးဟင်း,,Curry Chicken and Potatoes,recipes,က,16
"Beef & Mutton (Lunch, Dinner)",အမဲသားဟင်း,,Stewed Beef Curry,recipes,အ,10
"Beef & Mutton (Lunch, Dinner)",အမဲကလီစာဟင်း,,Beef Intestine & Liver Curry,recipes,အ,12
"Beef & Mutton (Lunch, Dinner)",အမဲသားနှပ်,,Braised Beef,recipes,အ,10
"Beef & Mutton (Lunch, Dinner)",ဆိတ်သားဟင်း,,Mutton Curry,recipes,ဆ,11
"Pork (Lunch, Dinner)",တောက်တောက်ကြော်,,Fried Sweet & Sour Minced Pork,recipes,တ,15
"Pork (Lunch, Dinner)",ဝက်နံရိုးကင်,,Barbecue Pork Spare Ribs,recipes,ဝ,12
"Pork (Lunch, Dinner)",ချိုချဉ်ကြော်,,Sweet & Sour Pork,recipes,ခ,13
"Pork (Lunch, Dinner)",ဝက်အစိမ်းကြော်,,Fried Vegetables with Pork,recipes,ဝ,14
"Pork (Lunch, Dinner)",ဝက်သားမျှစ်ချဉ်ဟင်း,,Pork with Sour Bamboo shoots,recipes,ဝ,19
"Pork (Lunch, Dinner)",ဝက်သားဟင်း,,Curry Pork,recipes,ဝ,10
"Seafood (Lunch, Dinner)",ငါးဟင်း,,Fish Curry,recipes,င,7
"Seafood (Lunch, Dinner)",ငါးသလောက်ပေါင်း,,Steamed Hilsa,recipes,င,15
"Seafood (Lunch, Dinner)",ငါးဆုပ်ကြော်,,Fried Fishballs,recipes,င,12
"Seafood (Lunch, Dinner)",ငါးမုတ်ကြော်,,Fried Pomfret,recipes,င,12
"Seafood (Lunch, Dinner)",ငါးချိုချဉ်ကြော်,,Sweet & Sour Fish,recipes,င,16
"Seafood (Lunch, Dinner)",ပုစွန်ဟင်း,,Prawn Curry,recipes,ပ,10
"Seafood (Lunch, Dinner)",ကဏန်းပေါင်း,,Steamed Crab,recipes,က,11
"Seafood (Lunch, Dinner)",ပုစွန်တုပ်ဟင်း,,Chilli Lobster,recipes,ပ,14
"Seafood (Lunch, Dinner)",ပြည်ကြီးငါးကြော်,,Fried Squid,recipes,ပ,16
Sauce and Side Dishes,ငါးပိကြော်,,Fried Shrimp Paste,recipes,င,10
Sauce and Side Dishes,ငါးပိရည်,,Shrimp Paste Sauce,recipes,င,8
Sauce and Side Dishes,ငါးပိထောင်း,,Baked and grinded shrimp paste,recipes,င,11
Sauce and Side Dishes,ပဲပုပ်,,Fermented Soya Bean,recipes,ပ,6
Sauce and Side Dishes,အချဉ်ရည်,,Catchup,recipes,အ,8
"Vegetables (Lunch, Dinner)",အစိမ်းကြော်,,Fried Vegetables,recipes,အ,11
"Vegetables (Lunch, Dinner)",ကန်စွန်းရွက်ကြော်,,Fried Watercress,recipes,က,17
"Vegetables (Lunch, Dinner)",မှိုကန်စွန်းကြော်,,Fried Watercress with Mushroom,recipes,မ,17
"Vegetables (Lunch, Dinner)",ချဉ်ပေါင်ကြော်,,Fried Roselle,recipes,ခ,14
"Vegetables (Lunch, Dinner)",ကိုက်လန်ကြော်,,Fried Kailan / Gailan,recipes,က,13
"Vegetables (Lunch, Dinner)",ပဲပင်ပေါက်ပဲပြားကြော်,,Fried Bean Sprouts and Bean Curds,recipes,ပ,21
"Vegetables (Lunch, Dinner)",မျှစ်ကြော်,,Fried Bamboo Shoots,recipes,မ,10
"Vegetables (Lunch, Dinner)",ကညွတ်ကြော်,,Fried Asparagus,recipes,က,10
"Soup (Lunch, Dinner)",ကြာဆံဟင်းခါး,,Vermicelli Soup,recipes,က,12
"Soup (Lunch, Dinner)",ကြက်သားစွပ်ပြုတ်,,Chicken Soup,recipes,က,16
"Soup (Lunch, Dinner)",ယိုးဒယား၁၂မျိုးဟင်းချို,,Thai Tomyam Soup,recipes,ယ,23
"Soup (Lunch, Dinner)",ချဉ်ရည်ဟင်း,,Sour Soup,recipes,ခ,11
"Soup (Lunch, Dinner)",ပဲနီလေးဟင်းချို,,Lentil Soup,recipes,ပ,15
"Soup (Lunch, Dinner)",ကုလားပဲဟင်း,,Indian style Gram Soup,recipes,က,11
Dessert & Sweets,ပူတင်း,,Pudding,recipes,ပ,6
Dessert & Sweets,မုန့်လုံးရေပေါ်,,Rice ball with jaggery juice,recipes,မ,15
Dessert & Sweets,မုန့်လက်ဆောင်း,,Rice flakes in coconut & jaggery juice,recipes,မ,14
Dessert & Sweets,ဟာလဝါ,,Sweet & oily rice cake,recipes,ဟ,5
Dessert & Sweets,ဆနွင်းမကင်း,,Burmese Rice Pudding,recipes,ဆ,11
Dessert & Sweets,သာကူ,,Sago,recipes,သ,4
Dessert & Sweets,ဖါလူဒါ,,Indian Desert with ice cream on top,recipes,ဖ,6
Dessert & Sweets,ရေခဲမုန့်,,Ice Cream,recipes,ရ,9
Dessert & Sweets,မလိုင်လုံး,,Sweet & Creamy balls,recipes,မ,10
Dessert & Sweets,ဆီးယို,,Plum dessert in jaggery jam,recipes,ဆ,6
Drinks & beverages,လက်ဖက်ရည်ကြမ်း,,Chinese black (green) tea,recipes,လ,14
Drinks & beverages,သောက်ရေသန့်,,Purified drinking water,recipes,သ,11
Drinks & beverages,လိမ္မော်ရည်,,Orange juice,recipes,လ,11
Drinks & beverages,သံပရာရည်,,Lime juice,recipes,သ,8
Drinks & beverages,ရှောက်ဖျော်ရည်,,Lemonade,recipes,ရ,14
Drinks & beverages,ဆီးဖျော်ရည်,,Prune juice,recipes,ဆ,11
Drinks & beverages,အုန်းရည်,,Coconut water (juice),recipes,အ,8
Drinks & beverages,ကြံရည်,,Sugar cane juice,recipes,က,6
Drinks & beverages,ထောပတ်သီးဖျော်ရည်,,Avocado juice,recipes,ထ,17
Drinks & beverages,နာနတ်ဖျော်ရည်,,Pine apple juice,recipes,န,13
Drinks & beverages,ပင်မှည့်ဖျော်ရည်,,Passion fruit juice,recipes,ပ,16
Drinks & beverages,မန်ကျည်းဖျော်ရည်,,Tamarind juice,recipes,မ,16
Drinks & beverages,ပန်းသီးဖျော်ရည်,,Apple juice,recipes,ပ,15
Drinks & beverages,ဖရဲသီးဖျော်ရည်,,Water Melon juice,recipes,ဖ,14
Drinks & beverages,လိုင်ချီးဖျော်ရည်,,Lichee juice,recipes,လ,17
Drinks & beverages,စတော်ဘယ်ရီဖျော်ရည်,,Strawberry + condensed milk drink,recipes,စ,18
Drinks & beverages,သီးစုံဖျော်ရည်,,Mixed fruit juice,recipes,သ,14
Drinks & beverages,ကိုကာကိုလာ,,Coca Cola,recipes,က,10
Drinks & beverages,ပက်စီ,,Pepsi,recipes,ပ,5
Drinks & beverages,ဝိုင်အနီ,,Red wine,recipes,ဝ,8
Drinks & beverages,ဝိုင်အဖြူ,,White wine,recipes,ဝ,9
Drinks & beverages,အရက်,,Alcohol / Liquor,recipes,အ,4
Drinks & beverages,ကော့ညက်,,Cognac,recipes,က,7
Drinks & beverages,ဂျင်,,Jin,recipes,ဂ,4
Drinks & beverages,ဘရန်ဒီ,,Brandy,recipes,ဘ,6
Drinks & beverages,ရမ်,,Rum,recipes,ရ,3
Drinks & beverages,ဗော့ကာ,,Vodka,recipes,ဗ,6
Drinks & beverages,မာတီနီ,,Martini,recipes,မ,6
Drinks & beverages,ရှယ်ရီ,,Sherry,recipes,ရ,6
Drinks & beverages,ရှမ်ပိန်,,Champange,recipes,ရ,8
